<?xml version="1.0" encoding="UTF-8"?>
<project-private xmlns="http://www.netbeans.org/ns/project-private/1">
    <editor-bookmarks xmlns="http://www.netbeans.org/ns/editor-bookmarks/2" lastBookmarkId="0"/>
    <open-files xmlns="http://www.netbeans.org/ns/projectui-open-files/2">
        <group>
            <file>file:/C:/wamp64/www/nbproject/signup.php</file>
            <file>file:/C:/wamp64/www/nbproject/login.php</file>
            <file>file:/C:/wamp64/www/nbproject/settings.php</file>
            <file>file:/C:/wamp64/www/nbproject/includes/header.php</file>
            <file>file:/C:/wamp64/www/nbproject/login_submit.php</file>
            <file>file:/C:/wamp64/www/nbproject/get_user_data.php</file>
            <file>file:/C:/wamp64/www/nbproject/settings_update.php</file>
            <file>file:/C:/wamp64/www/nbproject/includes/common.php</file>
            <file>file:/C:/wamp64/www/nbproject/logout.php</file>
            <file>file:/C:/wamp64/www/nbproject/success.php</file>
            <file>file:/C:/wamp64/www/nbproject/cart.php</file>
            <file>file:/C:/wamp64/www/nbproject/index.php</file>
            <file>file:/C:/wamp64/www/nbproject/products.php</file>
        </group>
    </open-files>
</project-private>
